SET check_function_bodies = false;

INSERT INTO auth.roles (role) VALUES ('manager');
INSERT INTO auth.roles (role) VALUES ('supervisor');

--- sumo  at chinthagunta & example ---
INSERT INTO auth.users (id, created_at, updated_at, last_seen, disabled, display_name, avatar_url, locale, email, phone_number, password_hash, email_verified, phone_number_verified, new_email, otp_method_last_used, otp_hash, otp_hash_expires_at, default_role, is_anonymous, totp_secret, active_mfa_type, ticket, ticket_expires_at, metadata, webauthn_current_challenge) VALUES ('076a79f9-ed08-4e28-a4c3-8d4e0aa269a3', '2024-04-06 22:25:09.676552+00', '2024-04-06 22:48:21.002518+00', '2024-04-06 22:48:20.999+00', false, 'sumo demo', 'https://www.gravatar.com/avatar/74a8c22043d4dfc24342e8e30f39ab70?d=mp&r=g', 'en', 'sumo@demo.com', NULL, '$2a$10$5P/IQv/OmBK4cp9TPT6fPOFyAmqk6mH3jE4OoALvjf5n.T95ym2GC', false, false, NULL, NULL, NULL, '2024-04-06 22:25:09.676552+00', 'manager', false, NULL, NULL, NULL, '2024-04-06 22:25:09.675852+00', '{"default_org": "chinthagunta", "plan": "free"}', NULL);

INSERT INTO auth.user_roles (id, created_at, user_id, role) VALUES ('125a7851-d941-44f6-b5e2-35dfb8432123', '2024-04-06 22:25:09.676552+00', '076a79f9-ed08-4e28-a4c3-8d4e0aa269a3', 'me');
INSERT INTO auth.user_roles (id, created_at, user_id, role) VALUES ('7c66978f-2758-4049-8b5f-10d8c9b5365b', '2024-04-06 22:25:09.676552+00', '076a79f9-ed08-4e28-a4c3-8d4e0aa269a3', 'user');
INSERT INTO auth.user_roles (id, created_at, user_id, role) VALUES ('fc3272d4-9455-45d7-a054-3b5e876bc5e1', '2024-04-06 22:25:09.676552+00', '076a79f9-ed08-4e28-a4c3-8d4e0aa269a3', 'manager');

INSERT INTO public.user_org_roles (id, created_at, created_by, user_id, role, organization) VALUES ('48c460e5-af5b-450d-9fb2-84a2dfbf3c17', '2023-05-21 22:28:18.535229+00', '076a79f9-ed08-4e28-a4c3-8d4e0aa269a3', '076a79f9-ed08-4e28-a4c3-8d4e0aa269a3', 'me', 'example');
INSERT INTO public.user_org_roles (id, created_at, created_by, user_id, role, organization) VALUES ('a9e93add-0d95-41c6-bfd7-400576cae85e', '2023-05-21 22:28:18.535229+00', '076a79f9-ed08-4e28-a4c3-8d4e0aa269a3', '076a79f9-ed08-4e28-a4c3-8d4e0aa269a3', 'user', 'example');
INSERT INTO public.user_org_roles (id, created_at, created_by, user_id, role, is_default_role, organization) VALUES ('52b10e5f-77fb-4718-ac7e-a6960553dc50', '2023-05-21 22:28:18.535229+00', '076a79f9-ed08-4e28-a4c3-8d4e0aa269a3', '076a79f9-ed08-4e28-a4c3-8d4e0aa269a3', 'supervisor', true, 'example');

--- manager & supervisor at chinthagunta ---
INSERT INTO auth.users (id, created_at, updated_at, last_seen, disabled, display_name, avatar_url, locale, email, phone_number, password_hash, email_verified, phone_number_verified, new_email, otp_method_last_used, otp_hash, otp_hash_expires_at, default_role, is_anonymous, totp_secret, active_mfa_type, ticket, ticket_expires_at, metadata, webauthn_current_challenge) VALUES ('7f3b9e08-65e2-4ae4-a7df-0d7ff9a34378', '2024-04-06 22:25:09.676552+00', '2024-04-06 22:48:21.002518+00', '2024-04-06 22:48:20.999+00', false, 'manager at chinthagunta', 'https://www.gravatar.com/avatar/74a8c22043d4dfc24342e8e30f39ab70?d=mp&r=g', 'en', 'manager@chinthagunta.com', NULL, '$2a$10$5P/IQv/OmBK4cp9TPT6fPOFyAmqk6mH3jE4OoALvjf5n.T95ym2GC', false, false, NULL, NULL, NULL, '2024-04-06 22:25:09.676552+00', 'manager', false, NULL, NULL, NULL, '2024-04-06 22:25:09.675852+00', '{"default_org": "chinthagunta", "plan": "free"}', NULL);
INSERT INTO auth.users (id, created_at, updated_at, last_seen, disabled, display_name, avatar_url, locale, email, phone_number, password_hash, email_verified, phone_number_verified, new_email, otp_method_last_used, otp_hash, otp_hash_expires_at, default_role, is_anonymous, totp_secret, active_mfa_type, ticket, ticket_expires_at, metadata, webauthn_current_challenge) VALUES ('aee83418-a524-49cd-b46d-8d8ce4884ac8', '2024-04-06 22:25:09.676552+00', '2024-04-06 22:48:21.002518+00', '2024-04-06 22:48:20.999+00', false, 'supervisor at chinthagunta', 'https://www.gravatar.com/avatar/74a8c22043d4dfc24342e8e30f39ab70?d=mp&r=g', 'en', 'supervisor@chinthagunta.com', NULL, '$2a$10$5P/IQv/OmBK4cp9TPT6fPOFyAmqk6mH3jE4OoALvjf5n.T95ym2GC', false, false, NULL, NULL, NULL, '2024-04-06 22:25:09.676552+00', 'supervisor', false, NULL, NULL, NULL, '2024-04-06 22:25:09.675852+00', '{"default_org": "chinthagunta", "plan": "free"}', NULL);

INSERT INTO auth.user_roles (id, created_at, user_id, role) VALUES ('04392349-39b2-4290-a688-184c610666ea', '2024-04-06 22:25:09.676552+00', '7f3b9e08-65e2-4ae4-a7df-0d7ff9a34378', 'me');
INSERT INTO auth.user_roles (id, created_at, user_id, role) VALUES ('fe3e51fb-3df2-4b4f-ac2f-d8654711b16b', '2024-04-06 22:25:09.676552+00', '7f3b9e08-65e2-4ae4-a7df-0d7ff9a34378', 'user');
INSERT INTO auth.user_roles (id, created_at, user_id, role) VALUES ('007a2bf7-1d11-4756-8ece-c37594559d1e', '2024-04-06 22:25:09.676552+00', '7f3b9e08-65e2-4ae4-a7df-0d7ff9a34378', 'manager');

INSERT INTO auth.user_roles (id, created_at, user_id, role) VALUES ('e9963945-b061-4356-b01f-639b50b66439', '2024-04-06 22:25:09.676552+00', 'aee83418-a524-49cd-b46d-8d8ce4884ac8', 'me');
INSERT INTO auth.user_roles (id, created_at, user_id, role) VALUES ('e07d56ed-a2de-46a8-ab1d-d3806d188bb2', '2024-04-06 22:25:09.676552+00', 'aee83418-a524-49cd-b46d-8d8ce4884ac8', 'user');
INSERT INTO auth.user_roles (id, created_at, user_id, role) VALUES ('1cce51c7-e65a-42b3-abfe-a2fcf75d549d', '2024-04-06 22:25:09.676552+00', 'aee83418-a524-49cd-b46d-8d8ce4884ac8', 'supervisor');

--- User1 & User2 at chinthagunta ---
INSERT INTO auth.users (id, created_at, updated_at, last_seen, disabled, display_name, avatar_url, locale, email, phone_number, password_hash, email_verified, phone_number_verified, new_email, otp_method_last_used, otp_hash, otp_hash_expires_at, default_role, is_anonymous, totp_secret, active_mfa_type, ticket, ticket_expires_at, metadata, webauthn_current_challenge) VALUES ('8c7bb3ac-e469-4a07-8d30-e607a278abdc', '2024-04-06 22:25:09.676552+00', '2024-04-06 22:48:21.002518+00', '2024-04-06 22:48:20.999+00', false, 'user1 at chinthagunta', 'https://www.gravatar.com/avatar/74a8c22043d4dfc24342e8e30f39ab70?d=mp&r=g', 'en', 'user1@chinthagunta.com', NULL, '$2a$10$5P/IQv/OmBK4cp9TPT6fPOFyAmqk6mH3jE4OoALvjf5n.T95ym2GC', false, false, NULL, NULL, NULL, '2024-04-06 22:25:09.676552+00', 'user', false, NULL, NULL, NULL, '2024-04-06 22:25:09.675852+00', '{"default_org": "chinthagunta", "plan": "free"}', NULL);
INSERT INTO auth.users (id, created_at, updated_at, last_seen, disabled, display_name, avatar_url, locale, email, phone_number, password_hash, email_verified, phone_number_verified, new_email, otp_method_last_used, otp_hash, otp_hash_expires_at, default_role, is_anonymous, totp_secret, active_mfa_type, ticket, ticket_expires_at, metadata, webauthn_current_challenge) VALUES ('f5c7d469-c5a1-412d-9551-2263091c12ff', '2024-04-06 22:25:09.676552+00', '2024-04-06 22:48:21.002518+00', '2024-04-06 22:48:20.999+00', false, 'user2 at chinthagunta', 'https://www.gravatar.com/avatar/74a8c22043d4dfc24342e8e30f39ab70?d=mp&r=g', 'en', 'user2@chinthagunta.com', NULL, '$2a$10$5P/IQv/OmBK4cp9TPT6fPOFyAmqk6mH3jE4OoALvjf5n.T95ym2GC', false, false, NULL, NULL, NULL, '2024-04-06 22:25:09.676552+00', 'user', false, NULL, NULL, NULL, '2024-04-06 22:25:09.675852+00', '{"default_org": "chinthagunta", "plan": "free"}', NULL);

INSERT INTO auth.user_roles (id, created_at, user_id, role) VALUES ('7ea7efeb-a6fd-4e8c-bf4a-9479826e52c4', '2024-04-06 22:25:09.676552+00', '8c7bb3ac-e469-4a07-8d30-e607a278abdc', 'me');
INSERT INTO auth.user_roles (id, created_at, user_id, role) VALUES ('02ae1827-db38-4c7f-b8c9-aea49dc87551', '2024-04-06 22:25:09.676552+00', '8c7bb3ac-e469-4a07-8d30-e607a278abdc', 'user');

INSERT INTO auth.user_roles (id, created_at, user_id, role) VALUES ('2ba244dd-6e8e-4fe2-8bfe-fb85623654b1', '2024-04-06 22:25:09.676552+00', 'f5c7d469-c5a1-412d-9551-2263091c12ff', 'me');
INSERT INTO auth.user_roles (id, created_at, user_id, role) VALUES ('818972ef-3ccf-452c-b337-7335b49cdd00', '2024-04-06 22:25:09.676552+00', 'f5c7d469-c5a1-412d-9551-2263091c12ff', 'user');

